"product_name";"category";"production_areas";"RecipeID";"Category";"Ingredient";"Preparation"
"1";"Amaro Valle di Ledro";"Bevande analcoliche Distillati e Liquori";"Alto Garda";NA;NA;NA;NA
"2";"Asparago di Zambana";"Prodotti Vegetali";"Val d'Adige,Vallagarina,Bassa Valsugana,Alta Valsugana,Alto Garda";NA;NA;NA;NA
"3";"Bèchi-Panzalini";"Paste Fresche Pane Biscotti e Dolci";"Val di Fiemme,Val di Fassa,Val di Non,Val di Sole,Val d'Adige,Vallagarina,Bassa Valsugana,Alta Valsugana,Alto Garda,Valli Giudicarie,Primiero";NA;NA;NA;NA
"4";"Barbusto";"Carni";"Bassa Valsugana";NA;NA;NA;NA
"5";"Basini de Trent";"Paste Fresche Pane Biscotti e Dolci";"Val di Fiemme,Val di Fassa,Val di Non,Val di Sole,Val d'Adige,Vallagarina,Bassa Valsugana,Alta Valsugana,Alto Garda,Valli Giudicarie,Primiero";25;"Dolci";"una libbra (pari a kg. 0,336) di mandorle sbucciate;mezza libbra di zucchero;uno o due rossi d'uovo;";"Preparazione Si prende una libbra di mandorle sbucciate e mezza libbra di zucchero e si pesta tutto accuratamente nel mortaio. Si aggiungono poi uno o due rossi d'uovo, continuando a pestare e a mescolare da sotto a sopra in modo che la pasta di mandorle assuma la compattezza desiderata. Si preparano mantrugiando il composto con le mani, arrotolando bene l'impasto con le dita, in modo da dare la forma e il volume di una grossa noce. Vengono poi messi nel forno sino a cottura ultimata, ossia sino a quando avranno assunto quel color rosso delicato e quelle piccole screpolature che ci daranno l'impressione di un forte bacio."
"6";"Bina";"Paste Fresche Pane Biscotti e Dolci";"Val di Fiemme,Val di Fassa,Val di Non,Val di Sole,Val d'Adige,Vallagarina,Bassa Valsugana,Alta Valsugana,Alto Garda,Valli Giudicarie,Primiero";23;"";"1 kg. di farina;500 gr. di acqua;45 gr. di olio d'oliva;30 gr. di lievito;20 gr. di sale.;";"Preparazione Dopo aver amalgamato gli ingredienti, l'impasto va fatto riposare per circa venti minuti. Da questo si ricavano successivamente delle palline di uguale misura, del peso di circa 50 gr. cadauna, che vengono lavorate manualmente fino ad assumere la tipica forma allungata. Si uniscono poi quattro dei pezzi lavorati e si forma così la Bina. L'impasto va fatto lievitare per circa quaranta minuti. Infine si passa alla cottura in forno a 230 °C con l'utilizzo del vapore (venti minuti circa)."
"7";"Birra di Fiemme";"Bevande analcoliche Distillati e Liquori";"Val di Fiemme";NA;NA;NA;NA
"8";"Brazedèl";"Paste Fresche Pane Biscotti e Dolci";"Val di Fiemme,Val di Fassa,Val di Non,Val di Sole,Val d'Adige,Vallagarina,Bassa Valsugana,Alta Valsugana,Alto Garda,Valli Giudicarie,Primiero";NA;NA;NA;NA
"9";"Broccolo di Torbole e Santa Massenza";"Prodotti Vegetali";"Alto Garda";NA;NA;NA;NA
"10";"Brusti o Baldonazzi";"Carni";"Val di Fiemme,Val di Fassa,Val di Non,Val di Sole,Val d'Adige,Vallagarina,Bassa Valsugana,Alta Valsugana,Alto Garda,Valli Giudicarie,Primiero";NA;NA;NA;NA
"11";"Buzòla";"Paste Fresche Pane Biscotti e Dolci";"Primiero";33;"Dolci";"2 kg. di farina di frumento ; 500 gr. di zucchero ; 400 gr. di burro ; 5 tuorli d'uovo ; 9 dl. di latte ; 1 bicchierino di anice o grappa o altro liquore ; 25 gr. lievito di birra ; 10 gr. di sale. ;";"Preparazione Si impasta la farina con il lievito di birra precedentemente sciolto in un po' d'acqua tiepida, il sale, il burro, i tuorli d'uovo, lo zucchero ed il latte leggermente intiepidito. Si lavora la pasta per alcuni minuti, finchè non sarà morbida ed elastica, insaporendola quindi con l'anice, o la grappa, o altro liquore. Si fa lievitare la pasta, coperta da un panno, per almeno un'ora ad una temperatura di 26°C e la si lavora ancora per qualche minuto formando poi un rotolo chiuso a cerchio, che si lascia lievitare a sua volta per ulteriori 40 minuti, a 26 °C. Si spennella, infine, la superficie con un uovo sbattuto, la si cosparge di zucchero in granella e si mette in forno per 15-20 minuti, ad una temperatura di 220°C. Si conserva in luogo asciutto per 2-3 giorni."
"12";"Cacciatore Nostrano all''aglio di Caderzone";"Carni";"Valli Giudicarie";NA;NA;NA;NA
"13";"Canederli al Formaggio";"Paste Fresche Pane Biscotti e Dolci";"Val di Fiemme,Val di Fassa,Val di Non,Val di Sole,Val d'Adige,Vallagarina,Bassa Valsugana,Alta Valsugana,Alto Garda,Valli Giudicarie,Primiero";NA;NA;NA;NA
"14";"Canederli Trentini";"Paste Fresche Pane Biscotti e Dolci";"Val di Fiemme,Val di Fassa,Val di Non,Val di Sole,Val d'Adige,Vallagarina,Bassa Valsugana,Alta Valsugana,Alto Garda,Valli Giudicarie,Primiero";NA;NA;NA;NA
"15";"Canestrato";"Formaggi";"Vallagarina";NA;NA;NA;NA
"16";"Caprino";"Formaggi";"Val di Fiemme,Val di Fassa,Val di Non,Val di Sole,Val d'Adige,Vallagarina,Bassa Valsugana,Alta Valsugana,Alto Garda,Valli Giudicarie,Primiero";NA;NA;NA;NA
"17";"Carne di Cavallo Affumicata";"Carni";"Vallagarina";NA;NA;NA;NA
"18";"Carne Fumada di Siror";"Carni";"Primiero";NA;NA;NA;NA
"19";"Carne Salada";"Carni";"Alto Garda";NA;NA;NA;NA
"20";"Carne Salada di Capra o Pecora";"Carni";"Val di Fiemme";NA;NA;NA;NA
"21";"Carne Salmistrada della Valle di Cembra";"Carni";"Val d'Adige";NA;NA;NA;NA
"22";"Carota della Val di Gresta";"Prodotti Vegetali";"Vallagarina";NA;NA;NA;NA
"23";"Casàda";"Formaggi";"Primiero";NA;NA;NA;NA
"24";"Casolét";"Formaggi";"Val di Sole";NA;NA;NA;NA
"25";"Cavoli Cappucci della Val di Gresta";"Prodotti Vegetali";"Vallagarina";NA;NA;NA;NA
"26";"Ciuighe";"Carni";"Valli Giudicarie";NA;NA;NA;NA
"27";"Cotechino di Maiale Trentino";"Carni";"Val di Fiemme,Val di Fassa,Val di Non,Val di Sole,Val d'Adige,Vallagarina,Bassa Valsugana,Alta Valsugana,Alto Garda,Valli Giudicarie,Primiero";NA;NA;NA;NA
"28";"Cròfani";"Paste Fresche Pane Biscotti e Dolci";"Primiero";NA;NA;NA;NA
"29";"Crauti Trentini";"Prodotti Vegetali";"Val di Fiemme,Val di Fassa,Val di Non,Val di Sole,Val d'Adige,Vallagarina,Bassa Valsugana,Alta Valsugana,Alto Garda,Valli Giudicarie,Primiero";NA;NA;NA;NA
"30";"Distillati di Frutta";"Bevande analcoliche Distillati e Liquori";"Val di Fiemme,Val di Fassa,Val di Non,Val di Sole,Val d'Adige,Vallagarina,Bassa Valsugana,Alta Valsugana,Alto Garda,Valli Giudicarie,Primiero";NA;NA;NA;NA
"31";"Dolomiti";"Formaggi";"Val di Fiemme,Val di Fassa,Val di Non,Val di Sole,Val d'Adige,Vallagarina,Bassa Valsugana,Alta Valsugana,Alto Garda,Valli Giudicarie,Primiero";NA;NA;NA;NA
"32";"El Sìsam";"Pesce";"Alto Garda";NA;NA;NA;NA
"33";"Figadèt";"Carni";"Primiero";NA;NA;NA;NA
"34";"Fontal";"Formaggi";"Val di Fiemme,Val di Fassa,Val di Non,Val di Sole,Val d'Adige,Vallagarina,Bassa Valsugana,Alta Valsugana,Alto Garda,Valli Giudicarie,Primiero";NA;NA;NA;NA
"35";"Frìtole";"Carni";"Primiero";NA;NA;NA;NA
"36";"Gelato Artigianale Trentino";"Paste Fresche Pane Biscotti e Dolci";"Val di Fiemme,Val di Fassa,Val di Non,Val di Sole,Val d'Adige,Vallagarina,Bassa Valsugana,Alta Valsugana,Alto Garda,Valli Giudicarie,Primiero";NA;NA;NA;NA
"37";"Genziana";"Bevande analcoliche Distillati e Liquori";"Valli Giudicarie";NA;NA;NA;NA
"38";"Ginepro";"Bevande analcoliche Distillati e Liquori";"Valli Giudicarie";NA;NA;NA;NA
"39";"giul";"Bevande analcoliche Distillati e Liquori";"Val di Fiemme,Val di Fassa,Val di Non";NA;NA;NA;NA
"40";"Gramolato";"Paste Fresche Pane Biscotti e Dolci";"Val di Fiemme,Val di Fassa,Val di Non,Val di Sole,Val d'Adige,Vallagarina,Bassa Valsugana,Alta Valsugana,Alto Garda,Valli Giudicarie,Primiero";24;"";"1200 gr. di farina tipo 0;400 gr. di acqua;30 gr. di lievito;20 gr. di sale. ;";"Preparazione L'impasto così ottenuto va lavorato con la macchina a cilindro. Se ne ricava in tal modo una pasta liscia e omogenea, dalla quale vengono poi ricavate delle forme da 100 gr. ciascuna. Le forme così ottenute devono essere immediatamente \"allungate\", fino ad assumere il tipico aspetto del filoncino. Attraverso la lavorazione manuale s'intrecciano fra loro per assumere così la forma desiderata. Si passa poi alla fase di lievitazione che dura circa trenta minuti. Infine si procede alla cottura in forno a 230 °C, senza vapore, per venti minuti circa."
"41";"Grappa Giovane Trentina";"Bevande analcoliche Distillati e Liquori";"Val di Fiemme,Val di Fassa,Val di Non,Val di Sole,Val d'Adige,Vallagarina,Bassa Valsugana,Alta Valsugana,Alto Garda,Valli Giudicarie,Primiero";NA;NA;NA;NA
"42";"Gratini";"Paste Fresche Pane Biscotti e Dolci";"Val di Sole";NA;NA;NA;NA
"43";"Grostoi";"Paste Fresche Pane Biscotti e Dolci";"Val di Fiemme,Val di Fassa,Val di Non,Val di Sole,Val d'Adige,Vallagarina,Bassa Valsugana,Alta Valsugana,Alto Garda,Valli Giudicarie,Primiero";NA;NA;NA;NA
"44";"Imperatoria";"Bevande analcoliche Distillati e Liquori";"Valli Giudicarie";NA;NA;NA;NA
"45";"Lardo";"Carni";"Val di Fiemme,Val di Fassa,Val di Non,Val di Sole,Val d'Adige,Vallagarina,Bassa Valsugana,Alta Valsugana,Alto Garda,Valli Giudicarie,Primiero";NA;NA;NA;NA
"46";"Lucanica Cauriota Fresca o Affumicata";"Carni";"Primiero";NA;NA;NA;NA
"47";"Lucanica di Capra o Pecora";"Carni";"Val di Fiemme";NA;NA;NA;NA
"48";"Lucanica Mochena di Cavallo";"Carni";"Alta Valsugana";NA;NA;NA;NA
"49";"Lucanica Mochena Piccante";"Carni";"Alta Valsugana";NA;NA;NA;NA
"50";"Lucanica Mochena Stagionata o Affumicata";"Carni";"Alta Valsugana";NA;NA;NA;NA
"51";"Lucanica Secca della Val di Cembra";"Carni";"Val d'Adige";NA;NA;NA;NA
"52";"Mais Nostrano di Storo";"Prodotti Vegetali";"Bassa Valsugana,Valli Giudicarie";NA;NA;NA;NA
"53";"Marmellata di Frutti di Bosco";"Prodotti Vegetali";"Val di Fiemme,Val di Fassa,Val di Non,Val di Sole,Val d'Adige,Vallagarina,Bassa Valsugana,Alta Valsugana,Alto Garda,Valli Giudicarie,Primiero";NA;NA;NA;NA
"54";"Marmellata di Mirtilli Rossi";"Prodotti Vegetali";"Val di Fiemme,Val di Fassa,Val di Non,Val di Sole,Val d'Adige,Vallagarina,Bassa Valsugana,Alta Valsugana,Alto Garda,Valli Giudicarie,Primiero";NA;NA;NA;NA
"55";"Marmellata di Ribes";"Prodotti Vegetali";"Val di Fiemme,Val di Fassa,Val di Non,Val di Sole,Val d'Adige,Vallagarina,Bassa Valsugana,Alta Valsugana,Alto Garda,Valli Giudicarie,Primiero";NA;NA;NA;NA
"56";"Marone Trentino";"Prodotti Vegetali";"Val d'Adige,Vallagarina,Bassa Valsugana,Alta Valsugana,Alto Garda,Valli Giudicarie";NA;NA;NA;NA
"57";"Mel de Rasebéch";"Prodotti di Origine Animale";"Val di Fiemme,Val di Fassa,Val di Non,Val di Sole,Val d'Adige,Vallagarina,Bassa Valsugana,Alta Valsugana,Alto Garda,Valli Giudicarie,Primiero";NA;NA;NA;NA
"58";"Miele Trentino";"Prodotti di Origine Animale";"Val di Fiemme,Val di Fassa,Val di Non,Val di Sole,Val d'Adige,Vallagarina,Bassa Valsugana,Alta Valsugana,Alto Garda,Valli Giudicarie,Primiero";NA;NA;NA;NA
"59";"Misto Capra";"Formaggi";"Val di Fiemme,Val di Fassa,Val di Non,Val di Sole,Val d'Adige,Vallagarina,Bassa Valsugana,Alta Valsugana,Alto Garda,Valli Giudicarie,Primiero";NA;NA;NA;NA
"60";"Montagna";"Formaggi";"Val d'Adige,Alta Valsugana";NA;NA;NA;NA
"61";"Monte Baldo e Monte Baldo Primo Fiore";"Formaggi";"Vallagarina,Alto Garda";NA;NA;NA;NA
"62";"Monteson";"Formaggi";"Val di Non";NA;NA;NA;NA
"63";"Mortandela";"Carni";"Bassa Valsugana,Alta Valsugana";NA;NA;NA;NA
"64";"Mortandela Affumicata della Val di Non";"Carni";"Val di Non";NA;NA;NA;NA
"65";"Noce del Bleggio";"Prodotti Vegetali";"Valli Giudicarie";NA;NA;NA;NA
"66";"Nostrano";"Formaggi";"Val di Fiemme,Val di Fassa,Val di Non,Val di Sole,Val d'Adige,Vallagarina,Bassa Valsugana,Alta Valsugana,Alto Garda,Valli Giudicarie,Primiero";NA;NA;NA;NA
"67";"Nostrano de Casèl";"Formaggi";"Val di Fiemme,Val di Fassa,Val di Non,Val di Sole,Val d'Adige,Vallagarina,Bassa Valsugana,Alta Valsugana,Alto Garda,Valli Giudicarie,Primiero";NA;NA;NA;NA
"68";"Nostrano di Malga e Nostrano d''Alpe";"Formaggi";"Val di Fiemme,Val di Fassa,Val di Non,Val di Sole,Val d'Adige,Vallagarina,Bassa Valsugana,Alta Valsugana,Alto Garda,Valli Giudicarie,Primiero";NA;NA;NA;NA
"69";"Nostrano di Primiero";"Formaggi";"Primiero";NA;NA;NA;NA
"70";"Pam de Molche";"Paste Fresche Pane Biscotti e Dolci";"Alto Garda";NA;NA;NA;NA
"71";"Pan co'' le Frìtole";"Paste Fresche Pane Biscotti e Dolci";"Val di Fiemme,Val di Fassa,Val di Non,Val di Sole,Val d'Adige,Vallagarina,Bassa Valsugana,Alta Valsugana,Alto Garda,Valli Giudicarie,Primiero";NA;NA;NA;NA
"72";"Pan de Sègala";"Paste Fresche Pane Biscotti e Dolci";"Val di Fiemme,Val di Fassa,Val di Non,Val di Sole,Val d'Adige,Vallagarina,Bassa Valsugana,Alta Valsugana,Alto Garda,Valli Giudicarie,Primiero";NA;NA;NA;NA
"73";"Pan de Sorch";"Paste Fresche Pane Biscotti e Dolci";"Primiero";NA;NA;NA;NA
"74";"Pancetta Affumicata Trentina";"Carni";"Val di Fiemme,Val di Fassa,Val di Non,Val di Sole,Val d'Adige,Vallagarina,Bassa Valsugana,Alta Valsugana,Alto Garda,Valli Giudicarie,Primiero";NA;NA;NA;NA
"75";"Pancetta Arrotolata all''Aglio";"Carni";"Valli Giudicarie";NA;NA;NA;NA
"76";"Pancetta Nostrana di Caderzone all''Aglio";"Carni";"Valli Giudicarie";NA;NA;NA;NA
"77";"Pasta de Luganeghe";"Carni";"Val di Fiemme,Val di Fassa,Val di Non,Val di Sole,Val d'Adige,Vallagarina,Bassa Valsugana,Alta Valsugana,Alto Garda,Valli Giudicarie,Primiero";NA;NA;NA;NA
"78";"Patata Trentina di Montagna";"Prodotti Vegetali";"Val di Fiemme,Val di Fassa,Val di Non,Val di Sole,Val d'Adige,Vallagarina,Bassa Valsugana,Alta Valsugana,Alto Garda,Valli Giudicarie,Primiero";NA;NA;NA;NA
"79";"Pezate de Agnelo";"Carni";"Bassa Valsugana,Alta Valsugana";NA;NA;NA;NA
"80";"Picco Rosso";"Bevande analcoliche Distillati e Liquori";"Alto Garda";NA;NA;NA;NA
"81";"Pinza";"Paste Fresche Pane Biscotti e Dolci";"Primiero";43;"Dolci";"2 kg. di farina di frumento ; 400 gr. di burro ; 500 gr. zucchero; 25 gr. di lievito di birra; 5 tuorli d'uovo; 9 dl di latte ; 10 gr. di sale. ;";"Preparazione Si impastano la farina con il lievito di birra sciolto in poca acqua tiepida, il sale, il burro, i tuorli d'uovo, lo zucchero ed il latte leggermente intiepidito. Si lavora la pasta fino a che non sarà morbida ed elastica e la si lascia lievitare per circa un'ora. Si lavora ancora la pasta per qualche minuto e si forma un rotolo che viene chiuso a cerchio e poi lasciato ulteriormente lievitare per altri 40 minuti. Si spennella quindi la superficie con un uovo sbattuto, la si cosparge di zucchero in granella e si cuoce in forno a 220°C, per 15 minuti circa, fino a che l'impasto non raggiunge un bel colore dorato."
"82";"Probusto";"Carni";"Vallagarina";NA;NA;NA;NA
"83";"Provola e Caciotta a Pasta Filata";"Formaggi";"Val d'Adige,Bassa Valsugana,Alta Valsugana";NA;NA;NA;NA
"84";"Puzzone di Moena";"Formaggi";"Val di Fiemme,Val di Fassa";NA;NA;NA;NA
"85";"Ricotta di Capra e Ricotta di Capra Affumicata";"Formaggi";"Val di Fiemme";NA;NA;NA;NA
"86";"Ricotta e Ricotta Affumicata";"Formaggi";"Primiero";NA;NA;NA;NA
"87";"Salame all'Aglio della Val Rendena";"Carni";"Valli Giudicarie";NA;NA;NA;NA
"88";"Salame di Caderzone all''Aglio";"Carni";"Valli Giudicarie";NA;NA;NA;NA
"89";"Salamella Fresca di Caderzone all''aglio";"Carni";"Valli Giudicarie";NA;NA;NA;NA
"90";"Salsiccia Trentina Fresca";"Carni";"Val di Fiemme,Val di Fassa,Val di Non,Val di Sole,Val d'Adige,Vallagarina,Bassa Valsugana,Alta Valsugana,Alto Garda,Valli Giudicarie,Primiero";NA;NA;NA;NA
"91";"Sciroppo di Lampone, Mirtillo nero e Ribes nero";"Bevande analcoliche Distillati e Liquori";"Alto Garda";NA;NA;NA;NA
"92";"Sciroppo di Sambuco";"Bevande analcoliche Distillati e Liquori";"Primiero";NA;NA;NA;NA
"93";"Scorzèta";"Carni";"Primiero";NA;NA;NA;NA
"94";"Sedano Rapa della Val di Gresta";"Prodotti Vegetali";"Vallagarina";NA;NA;NA;NA
"95";"Speck Trentino";"Carni";"Val di Fiemme,Val di Fassa,Val di Non,Val di Sole,Val d'Adige,Vallagarina,Bassa Valsugana,Alta Valsugana,Alto Garda,Valli Giudicarie,Primiero";NA;NA;NA;NA
"96";"Spressa delle Giudicarie";"Formaggi";"Alto Garda,Valli Giudicarie";NA;NA;NA;NA
"97";"Stomatica Foletto";"Bevande analcoliche Distillati e Liquori";"Alto Garda";NA;NA;NA;NA
"98";"Stràuli";"Paste Fresche Pane Biscotti e Dolci";"Val di Fiemme,Val di Fassa,Primiero";NA;NA;NA;NA
"99";"Strangolapreti";"Paste Fresche Pane Biscotti e Dolci";"Val di Fiemme,Val di Fassa,Val di Non,Val di Sole,Val d'Adige,Vallagarina,Bassa Valsugana,Alta Valsugana,Alto Garda,Valli Giudicarie,Primiero";21;"Primi";"1 kg. di pane raffermo;500 gr. di spinaci o altre verdure;2 uova;100 gr. di grana trentino;100 gr. di burro;0,5 l. di latte;poco olio d'oliva;poca farina bianca;poca noce moscata;poche foglie di salvia;sale, pepe,cipolla q.b.;";"Preparazione Mettere in ammollo nel latte tiepido il pane raffermo tagliato a dadetti per circa tre ore; aggiungere gli spinaci o altre verdure, precedentemente lessati in poca acqua leggermente salata e tritati, dopo averli fatti saltare nel burro e insaporiti con sale, pepe e noce moscata. Unire la cipolla tritata finemente e rosolata nell'olio, il grana trentino grattugiato, le uova, il sale e poca farina bianca. Amalgamare bene il composto con un mestolo di legno. Confezionare quindi gli Strangolapreti nella forma desiderata (a palline, a forma di cucchiaio, di gnocco, ecc.) e versare in acqua bollente salata; quando riaffiorano sono cotti e quindi vanno scolati e serviti con grana trentino abbondante e burro spumeggiante, aromatizzato con salvia."
"100";"Strudel";"Paste Fresche Pane Biscotti e Dolci";"Val di Fiemme,Val di Fassa,Val di Non,Val di Sole,Val d'Adige,Vallagarina,Bassa Valsugana,Alta Valsugana,Alto Garda,Valli Giudicarie,Primiero";46;"Dolci";"1 kg. di farina di frumento ; 150 gr. di zucchero ; 2 tuorli d'uovo ; 5-6 mele renette canada ; 100 gr. di uvetta ; 100 gr. di pinoli ; 200 gr. olio di semi  ; un pizzico di cannella ; 1 bicchierino di grappa ; biscotti o pane grattugiato.\"";"Preparazione Si impastano la farina, i rossi d'uovo, lo zucchero e l'olio ottenendo una pasta elastica e compatta, definita \"pasta matta\" che si lascia riposare per circa un'ora. Si sbucciano le mele, si leva il torsolo e si tagliano a fettine sottili. Si stende la pasta fino ad ottenere una sfoglia abbastanza sottile (3-4 mm. di spessore) sulla quale si distribuiscono le fettine di mela, l'uvetta precedentemente messa in ammollo in acqua o vino bianco e poi strizzata, i pinoli, un pizzico di cannella ed un pugnetto di biscotti macinati o pangrattato (che assorbono il succo in eccesso delle mele) e si bagna con la grappa. Si arrotola facendo ben attenzione a non rompere la sfoglia e si chiudono le estremità. Si pone quindi in una teglia e si spennella la superficie con dell'uovo sbattuto. Si cuoce in forno, a 220°C, per circa 40 minuti. Si può consumare caldo o freddo, servito a piacere, con panna montata, ma, per esaltarne la fragranza, si consiglia di consumarlo tiepido."
"101";"Susina di Dro";"Prodotti Vegetali";"Alto Garda";NA;NA;NA;NA
"102";"Torta de Fregoloti";"Paste Fresche Pane Biscotti e Dolci";"Val di Fiemme,Val di Fassa,Val di Non,Val di Sole,Val d'Adige,Vallagarina,Bassa Valsugana,Alta Valsugana,Alto Garda,Valli Giudicarie,Primiero";NA;NA;NA;NA
"103";"Tortolèti coi Puriòni";"Paste Fresche Pane Biscotti e Dolci";"Primiero";NA;NA;NA;NA
"104";"Tosèla";"Formaggi";"Val di Fiemme,Val di Fassa,Val di Non,Val di Sole,Val d'Adige,Vallagarina,Bassa Valsugana,Alta Valsugana,Alto Garda,Valli Giudicarie,Primiero";NA;NA;NA;NA
"105";"Tre Valli";"Formaggi";"Vallagarina";NA;NA;NA;NA
"106";"Trote del Trentino";"Pesce";"Val di Fiemme,Val di Fassa,Val di Non,Val di Sole,Val d'Adige,Vallagarina,Bassa Valsugana,Alta Valsugana,Alto Garda,Valli Giudicarie,Primiero";NA;NA;NA;NA
"107";"Verde o Verdole";"Prodotti Vegetali";"Vallagarina";NA;NA;NA;NA
"108";"Vezzena";"Formaggi";"Vallagarina,Bassa Valsugana,Alta Valsugana";NA;NA;NA;NA
"109";"Zelten";"Paste Fresche Pane Biscotti e Dolci";"Val di Fiemme,Val di Fassa,Val di Non,Val di Sole,Val d'Adige,Vallagarina,Bassa Valsugana,Alta Valsugana,Alto Garda,Valli Giudicarie,Primiero";27;"Dolci";"1,25 farina bianca;gr. 160 burro;gr. 160 zucchero;2 bustine di lievito;l. 0,5 latte;gr. 160 noci del Bleggio;gr. 160 fichi secchi;gr. 160 mandorle e pinoli;gr. 160 cedro candito;gr. 160 uva sultanina;1 bicchierino di grappa trentina;2 uova;2 bucce d'arancia non trattata;mandorle intere;sale q.b.;";"Preparazione Si inizia sbattendo in una terrina molto a lungo il burro, aggiungendovi, sempre mescolando accuratamente, lo zucchero e le uova intere. Una volta sbattuto e amalgamato il tutto, aggiungere la farina bianca ­ precedentemente passata al setaccio assieme alle bustine di lievito ­ un pizzico di sale e il latte. Nella pasta così ottenuta mettere le noci in precedenza tagliate finemente, i fichi secchi tagliati a pezzettini, i pinoli (o le mandorle tritate), il cedro anch'esso minutamente tagliato, la buccia grattugiata delle arance non trattate chimicamente e, alla fine, la grappa trentina. Lavorare accuratamente questo impasto per una ventina di minuti e porlo sulla piastra del forno, unta e infarinata. Tirarlo con le mani fino a formare una forma rettangolare alta circa 1 centimetro. Guarnirlo con dei gherigli di noci del Bleggio tagliati a metà e metterlo nel forno ben caldo per circa 40 minuti, cioè fino a quando il dolce assume un colore delicatamente brunito."
"110";"Bechi-panzalini";NA;NA;22;"";"1 kg. di farina;500 gr. d'acqua;30 gr. di lievito;20 gr. di sale.(eventualmente, in aggiunta, 10 gr. di farina di malto).;";"Preparazione Dopo aver fatto amalgamare gli ingredienti, l'impasto deve riposare per circa venti minuti. Con la macchina spezzatrice si ricavano successivamente delle forme da 100 gr. ciascuna. Tali forme vengono poi unite tre alla volta, formando in tal modo delle palline che saranno fatte nuovamente riposare per altri dieci minuti. I pezzi così formati vengono poi lavorati fino a assumere la forma desiderata a barchetta. Si procede poi alla lievitazione che dura circa trenta minuti. Successivamente i pezzi lievitati vengono tagliati trasversalmente, praticando due incisioni. Si passa poi alla fase di cottura in forno alla temperatura di 230 °C con l'uso del vapore (venti minuti circa)."
"111";"Brazedel";NA;NA;32;"Dolci";"1 kg. di farina di frumento ; 250 gr. di zucchero ; 200 gr. di burro ; 200 gr. di uvetta sultanina ; 3 tuorli d'uovo ; 450 gr. di latte ; scorza di limone grattugiata ; 10 gr. lievito di birra  ; 10 gr. di sale. ;";"Preparazione Si scioglie il lievito di birra in poca acqua tiepida e si impasta la farina, agiungendo il sale, il burro ammorbidito a pezzetti, i tuorli d'uovo, lo zucchero, il latte tiepido e l'uvetta sultanina precedentemente ammorbidita in poca acqua tiepida. Si lavora la pasta fino ad ottenere una consistenza morbida, ma compatta e la si pone su un piano, coperta da un panno, lasciandola lievitare per circa un'ora, alla temperatura di 26°C. Si impasta poi ancora per qualche minuto e si divide la pasta a metà lavorando ognuna delle due parti con le mani in modo da ottenere due rotoli che vengono intrecciati fra loro e uniti in modo da formare un cerchio. Si lascia ulteriormente lievitare per altri 45 minuti, sempre ad una temperatura di 26°C, si spennella quindi la superficie con un uovo sbattuto e si cuoce in forno a 220°C, per 15-20 minuti, fino a che la ciambella non raggiunge un bel colore ambrato. Si conserva in luogo asciutto per due o tre giorni."
"112";"Canederli al formaggio";NA;NA;34;"Primi";"1 kg. di pane raffermo ; 0,5 l. di latte ; 6 uova fresche ; 400 gr. di formaggi freschi misti tradizionali della zona (o della Provincia di Trento) ; 100 gr. di burro ; erba cipollina; prezzemolo; sale, pepe,  noce moscata q.b. ; qualche foglia di salvia ; un po' di farina bianca.";"Preparazione Si taglia il pane raffermo a dadini e si mettono poi in ammollo nel latte, precedentemente intiepidito, per circa due ore. Si unisce quindi erba cipollina e prezzemolo precedentemente tritati, uova e vari tipi di formaggi freschi misti tradizionali della zona (o della Provincia di Trento), tagliato a dadini. Si amalgama il tutto fino a raggiungere la giusta consistenza (se l'impasto risultasse troppo morbido, si aggiunge un po' di pane grattugiato in quanto il canederlo deve risultare compatto, ma morbido) e si confezionano delle palline passandole nel pane grattugiato. Si cuociono in brodo di carne o vegetale, per 7- 8 minuti. Possono essere serviti asciutti, conditi con burro spumeggiante, aromatizzato con salvia, oppure, più tipicamente, con il brodo di cottura. Si possono conservare in frigorifero per 4-5 gioni ad una temperatura di 0-4 °C."
"113";"Canederli alla trentina";NA;NA;20;"Primi";"1 kg. di pane raffermo;0,5 l. di latte;2 lucaniche;100 gr. di pancetta (speck, coppa o altri insaccati);100 gr. di grana trentino;100 gr. di burro;3 spicchi d'aglio;2 l. di brodo di carne;2 uova fresche;sale, pepe, prezzemolo noce moscata q.b.;qualche foglia di salvia;un po' di farina bianca.;";"Preparazione Si taglia il pane raffermo a dadini, che si mettono poi in ammollo nel latte, precedentemente intiepidito, per circa due ore. Si leva la pelle delle lucaniche, si taglia a piccoli dadi la pancetta e altri insaccati, si trita il prezzemolo e l'aglio e altri componenti, unendo poi il tutto al pane. S'insaporisce con sale, pepe, noce moscata o altre spezie, grana trentino grattugiato e vi si uniscono le uova. Si amalgama il tutto, usando le mani, e, spolverando con farina bianca, si confeziona delle palline leggermente più piccole di quelle da biliardo. Si fa cuocere a fuoco lento nell'acqua o nel brodo di carne, precedentemente preparato, e si serve con abbondante grana trentino e burro spumeggiante, aromatizzato con salvia, oppure, più tipicamente, con il brodo di cottura."
"114";"Canederli dolci";NA;NA;19;"Dolci";"1 kg. patate cotte sbucciate;200 gr. farina bianca;3 tuorli d'uovo;sale.;";"Preparazione Formare un impasto con le patate cotte e ridotte con lo schiacciapatate, la farina, i tuorli e il sale. Stendere l'impasto e ritagliare dei rettangoli. Snocciolare le Susine e sostituire il nocciolo con un cubetto di zucchero. Mettere al centro d'ogni rettangolo una Susina di Dro e formare con le mani un canederlo (pallina). Portare ad ebollizione l'acqua salata. Immergervi i canederli e cuocere fino a che vengono a galla. Cospargere, quindi, i canederli con il pangrattato rosolato nel burro. Spolverare con zucchero e cannella. Servire caldi."
"115";"Caprino trentino in foglie di vite";NA;NA;6;"Antipasti";"400 gr. di Caprino trentino ;16-20 foglie di vite in salamoia;4 cucchiai d'olio di semi di girasole ;20 mezze Noci del Bleggio ;peperoncino, pepe. ;";"Preparazione Mettere il Caprino in un tegame, spruzzarlo con l'olio, coprirlo con le foglie di vite sgocciolate e lasciare marinare per una notte. Tagliare il formaggio in 16-18 cubetti, condire con peperoncino e pepe macinato. Avvolgere accuratamente ogni cubetto di formaggio con una foglia di vite ed infilarli in spiedini di legno. Spennellare i cubetti con olio e scaldarli, rigirandoli finché le foglie di vite incominciano ad essiccarsi. Scaldare sotto il grill anche le mezze noci, infilarle alternando con i cubetti di formaggio Caprino e servire immediatamente. Al momento di gustare togliere le foglie di vite."
"116";"Carciofi e Vezzena";NA;NA;15;"Antipasti";"8 carciofi;50 gr. di formaggio Vezzena vecchio;sale, limone, olio.;";"Preparazione Togliere ai carciofi tutte le foglie dure, mettendo a nudo il cuore bianco tagliato a spicchi sottili e mescolato con il Vezzena ridotto a scagliette, condire con limone, sale e olio."
"117";"Casolèt e pere";NA;NA;8;"Antipasti";"150 gr. di formaggio Casolèt;1 pera;1 fico secco;olio di noci;limone, sale. ;";"Preparazione Tagliare a fette spesse e irregolari il Casolèt e altrettante fette di pera. Condire con una salsa ricavata mettendo nel frullatore mezzo fico secco, olio di noci, limone e un po' di sale. Si tratta di un piatto fantasioso che può servire benissimo anche come dessert."
"118";"Castagnaccio";NA;NA;35;"Dolci";"500 gr. di farina di castagne; 50 gr. di zucchero; 4 cucchiai di olio di oliva; 60 gr. di pinoli; un pizzico di sale. ;";"Preparazione Mettere la farina di castagne in una terrina abbastanza capace, aggiungere un po' alla volta acqua tiepida fino ad ottenere un impasto fluido e senza grumi, unire il sale, l'olio e lo zucchero amalgamendo bene. Ungere leggermente una teglia con olio, versarvi il composto, cospargere la superficie con i pinoli e condirla con un po' d'olio. Mettere in forno caldo e mantenere fino a quando la superficie non presenterà una leggera crosta. Se si vuole rendere veramente speciale il castagnaccio, usare latte al posto dell'acqua e unire all'impasto anche 100 gr. di uvetta sultanina."
"119";"Cipolle gratinate al Fontal trentino";NA;NA;9;"Secondi";"750 gr. di cipolle;125 gr. di formaggio Fontal trentino;3 cucchiai d'olio;1 bicchiere di vino bianco secco;L. 1 di brodo di carne;20 gr. di burro;4 fette di pane;sale, pepe.;";"Preparazione Sbucciare e affettare le cipolle. Scaldare il burro con l'olio, aggiungere le cipolle e rosolare finché prendono un colore dorato. Versare il brodo e il vino bianco e lasciare sobbollire per 20 minuti circa, regolare di sale e pepe. Tostare le fette di pane nel forno caldo e metterle da parte. Dividere la zuppa in quattro terrine di coccio, adagiare in ognuna una fetta di pane tostato, cospargere con il Fontal tagliato grossolanamente e gratinare in forno caldo, finché il formaggio si fonde e prende un colore dorato. Togliere dal forno, spolverare con del pepe e servire caldissimo."
"120";"Cotechino con fasoi en bronzon";NA;NA;1;"Secondi";"1 cotechino di maiale trentino, 500 gr. di fagioli secchi ; 1 bicchiere di vino rosso ; 1 cipolla bianca ; 1 carota gialla ; 1 costa di sedano ; 2 foglie d'alloro ; concentrato di pomodoro, olio, sale, aglio, prezzemolo. ;";"Preparazione Mettere in ammollo i fagioli secchi almeno dodici ore prima di cucinarli. Bollire per un paio d'ore il cotechino che verrà in seguito unito ai fagioli. Risciacquare i fagioli e cuocerli in abbondante acqua per un'ora a fuoco lento. Una volta cotti, tenere l'acqua di cottura. Preparare un soffritto con cipolla, carote, sedano e aglio sminuzzati. Aggiungere i fagioli e bagnare con il vino rosso mantenendo un fuoco vivace. Proseguire la cottura lentamente aggiungendo, al bisogno, l'acqua di cottura che avete conservato. Aggiungere il concentrato di pomodoro, le foglie di alloro e il cotechino tagliato a fette, precedentemente bollito. A fine cottura ­ dopo circa 30 minuti ­ unire il prezzemolo ed eventualmente aggiustare con sale e pepe."
"121";"Crauti trentini e maiale";NA;NA;17;"Secondi";"1 kg. di crauti freschi trentini;una mela golden della val di Non;500 gr. di carne di maiale;300 gr. di puntine di maiale;300 gr. di lucanica fresca trentina;alloro, sale, pepe, comino  e aglio.;";"Preparazione Prendere i crauti a freddo e riporli in una pentola larga e alta. Coprirli completamente con acqua, superando di due o tre centimetri il livello dei crauti. Aggiungere la mela sbucciata e tagliata a spicchi, che servirà a togliere l'eccessiva acidità del prodotto. Per chi lo desidera è possibile aggiungere alcuni spicchi d'aglio puliti e i semi di comino. La cottura deve essere piuttosto prolungata ­ non meno di due ore ­ a fuoco molto lento. È importante non rimestare i crauti e, alla fine della cottura, regolare con sale e pepe a piacimento. Le lucaniche fresche vengono bollite in acqua calda per quindici minuti e forate con una forchetta per far perdere il grasso eccessivo. Le lucaniche possono essere tagliate a fette piuttosto grosse e aggiunte per un'ulteriore cottura ai crauti, così come le puntine. A parte preparare la carne di maiale ­ di preferenza carré ­ al forno, precedentemente strofinata con l'aglio e cosparsa di comino. All'ultimo momento verrà aggiunta sul piatto di portata ai crauti, assieme alle puntine e alle lucaniche. Questo piatto è solitamente abbinato ad una fumante polenta."
"122";"Crofani";NA;NA;36;"Dolci";"1 kg. di farina bianca del tipo 0 ; 150 gr. di burro ; 1 uovo intero ; 3 tuorli d'uovo ; 50 gr. di zucchero ; 250 ml. di vino bianco ; 1/2 bicchierino di grappa ; noci (o nocciole) ;";"Preparazione Si impasta la farina con l'uovo intero, i 3 tuorli d'uovo, il burro ammorbidito a pezzetti, lo zucchero, il vino bianco e la grappa, ottenendo un impasto consistente ma morbido,  con cui si formano delle palline, all'interno delle quali si inserisce mezzo gheriglio di noce  (si possono usare anche delle nocciole). Utilizzando due cucchiaini da tè, si da alle palline la forma ad uovo, o meglio a confetto e si friggono in olio bollente fino a raggiungere un bel colore dorato. Si servono cosparsi di zucchero. Il prodotto va conservato in luogo fresco e asciutto e consumato entro 2-3 giorni."
"123";"El sìsam";NA;NA;28;"Antipasti";"1 kg. di Alborelle o Aole;0,5 kg. di cipolle a julienne;0,2 l. di olio d'oliva del Garda;0,5 l. di aceto di vino;4 foglie di alloro;sale, pepe.";"Preparazione Prendere le Alborelle e privarle delle interiora, delle lische e della testa. Il pesce così ottenuto va fritto e disposto in un recipiente di vetro, alternandolo con un composto costituito da cipolla, precedentemente brasata in olio d'oliva, sale, pepe e aceto. La disposizione del pesce nel recipiente di vetro deve avvenire in modo tale che non ci siano delle bolle d'aria tra i vari strati. Ultimata la disposizione, il tutto va coperto con olio d'oliva del Garda. Il prodotto è pronto per il consumo dopo una settimana. Va conservato in locali freschi e con poca luce. El Sìsam, a contenitore aperto, può essere consumato anche entro due mesi, purché il pesce sia sempre coperto d'olio."
"124";"Fagiano con Pancetta nostrana";NA;NA;4;"Secondi";"1 fagiano ben frollato ; 100 gr. di pancetta nostrana all'aglio caderzone tritata ; 50 gr. di burro, 1 cucchiaio di salvia tritata ; 1 bicchierino di grappa al ginepro ; 1/4 di litro di panna ; sale e pepe. ;";"Preparazione Amalgamare pancetta e salvia, un pizzico di pepe e di sale. Riempire con il composto il fagiano, ma tenerne da parte un po' per spalmarlo esternamente sul pennuto. Legare il fagiano e cuocerlo con un po' di burro in casseruola, bagnandolo con la grappa. Prima di servire, tagliarlo a pezzi, recuperare la farcia, distribuirla sui pezzi di fagiano, aggiungere la panna e cucinare ancora il tempo necessario per amalgamare il sugo di cottura. Servire su uno zoccolo di puré di piselli."
"125";"Formaggio Tre Valli alla grappa";NA;NA;14;"Secondi";"1 fetta di formaggio Tre Valli tagliata spessa circa un dito per ogni commensale;una noce di burro;1 bicchierino di grappa bianca;fette di polenta abbrustolita;pepe.;";"Preparazione Sciogliere il burro in una padella possibilmente di ferro (oppure col fondo antiaderente), mettere le fette di formaggio ben distanziate e lasciarle lentamente sciogliere. A circa metà dell'operazione, spruzzare il formaggio con la grappa e pepare. Servire le fette di formaggio ben calde su crostoni di pane fritti nel burro, oppure su fette di polenta abbrustolita."
"126";"Frittelle di mele alla grappa giovane trentina";NA;NA;30;"Dolci";"1 tazzina di latte;130 gr. di farina;1 cucchiaio di lievito;2 uova;1 bicchiere di grappa giovane trentina;1 presa di sale;5 mele golden delicious;75 gr. di zucchero;cannella; olio di semi;zucchero a velo.;";"Preparazione Sbucciare le mele e tagliarle a fette di mezzo centimetro di spessore. Mettere le fette in un piatto e versarvi sopra parte della grappa giovane trentina mescolata con lo zucchero e la cannella. Quindi sbattere i tuorli con il latte e aggiungere il resto della grappa e il sale. Unire la farina, preventivamente setacciata, con il lievito. Montare a neve finissima gli albumi ed incorporarli allimpasto. Immergere le fette di mele nella pasta. Friggere in abbondante olio caldo. Dorare da ambedue le parti. Sgocciolare e porre su un foglio di carta assorbente. Prima di servire, spolverare con zucchero a velo mescolato con cannella."
"127";"Garganelli allo Speck trentino";NA;NA;5;"Primi";"100 gr. di Speck trentino;70 gr. di burro;150 gr. di farina tipo 0 ;3 uova per la pasta fresca. ;";"Preparazione Sopra un tagliere di legno disporre la farina a fontana, versarvi le uova e impastare molto bene fino ad ottenere un impasto omogeneo. Tirare la sfoglia col matterello. Ritagliare dei piccoli quadrati di sfoglia di 3 centimetri di lato; avvolgere ogni quadrato su un bastoncino di legno rigato grosso all'incirca come una matita, partendo in diagonale da un angolo del quadrato e passarlo sull'apposito pettine. Cuocere i garganelli in abbondante acqua salata e saltarli con lo Speck trentino, tagliato a dadini, e rosolarlo leggermente nel burro."
"128";"Gnocchi allo Spetz Tsaorì";NA;NA;12;"Primi";"500 gr. di pane a dadini;100 gr. di formaggio Spetz Tsaorì (Puzzone di Moena);100 gr. di formaggio caprino trentino;50 gr. di farina;0,25 l. di latte;1 cipolla;4 uova ;2 porri. ;";"Preparazione Si preparano aggiungendo al pane la cipolla rosolata, le uova sbattute con il latte e i dadini di formaggio Spetz Tsaorì e di Caprino trentino; quindi spolverare con la farina, mescolare bene e formare gli gnocchi che verranno bolliti per 10 minuti nell'acqua salata. In una padella glassare i porri con il burro e il formaggio Caprino trentino e condire gli gnocchi."
"129";"Grostoli";NA;NA;49;"Dolci";"2 kg. di farina di frumento ; 2 uova intere ; 6 tuorli d'uovo ; 300 gr. burro  ; 100 gr. zucchero ; 500 ml. di vino bianco   ; un bicchierino di grappa.  ;";"Preparazione Si impasta la farina con le uova intere, i tuorli, il burro ammorbidito a pezzetti, lo zucchero, il vino bianco ed un bicchierino di grappa, ottenendo un impasto molto consistente che, lasciato riposare per circa 15 minuti, viene poi steso in modo da ottenere una sfoglia molto sottile. Con l'apposita rotella si tagliano dei rombi, o altre forme, che vengono fritti in olio bollente e serviti con una spolverata di zucchero a velo. Il prodotto va conservato in luogo fresco ed asciutto e consumato entro 2-3 giorni."
"130";"Mele, Noci del Bleggio e Casolèt";NA;NA;7;"Antipasti";"200 gr. di formaggio Casolèt della Val di Sole;200 gr. di mele golden delicious della val di Non;50 gr. di noci del Bleggio;";"Preparazione Tagliare il Casolèt, compresa la crosta, in piccoli cubi, aggiungere a dadini le mele, unire le noci frantumate e condire con limone, sale e olio."
"131";"Minestra d'orzo";NA;NA;37;"Primi";"un pugnetto d'orzo per persona ; 1 pezzo di carne affumicata o in salamoia ; fagioli, carote, patate, sedano ; (a piacere anche prezzemolo, porri, piselli, zucchine) ; acqua o brodo vegetale; olio di oliva extra vergine del Trentino q.b. ; formaggio grana trentino grattugiato;sale q.b. ;";"Preparazione Si taglia a pezzettini la verdura e la si mette in una grande pentola con dell'acqua (o brodo vegetale) e la carne affumicata (o salmistrata). Quando bolle si aggiunge l'orzo e si fa proseguire la cottura a fuoco lento per almeno tre ore, rigirando ogni tanto con un mestolo di legno, in modo da rendere densa la zuppa. Servire con una spruzzata di grana trentino grattugiato ed un filo d'olio. La carne si leva a cottura finita e può essere servita successivamente (come secondo piatto) con qualche verdura."
"132";"Nocino";NA;NA;38;"";"1 l. di alcol a 95°C; 25-30 noci con mallo ancora tenere e non lignificate ; 350 gr. di zucchero; 2 cm di corteccia di cannella; la buccia di un limone giallo; 15 chiodi di garofano; noce moscata. ;";"Preparazione Lavare accuratamente le noci, che la tradizione vuole siano raccolte il giorno di S. Giovanni (24 giugno), asciugare, spezzettare e mettere a macerare nell'alcol insieme agli aromi in un barattolo ben chiuso. Lasciare riposare per 40 giorni, dopo di che togliere i pezzetti di noce, aggiungere lo zucchero, mescolare bene e lasciar riposare per qualche altro giorno. Infine filtrare con carta, imbottigliare e lasciare invecchiare per qualche mese prima di consumare."
"133";"Pan co' le frìtole";NA;NA;39;"";"2 kg. di farina di frumento; 500 gr. di farina di granoturco; 1 l. di acqua ; 500 gr. di frìtole ; 100 gr. di lievito di birra; 20 gr. di sale. ;";"Preparazione Si impastano la farina di frumento, la farina di granoturco, il sale, l'acqua ed il lievito di birra (sciolto precedentemente in acqua tiepida). Si lavora l'impasto per alcuni minuti, fino ad ottenere una pasta morbida ed elastica che si lascia lievitare a 26°C, per circa un'ora. Si aggiungono quindi le frìtole e si impasta velocemente formando delle pagnottelle che devono essere lasciate lievitare per altri 20 minuti alla temperatura di 26°C per poi cuocerle in forno, a 230°C, per circa 30-35 minuti. E' un prodotto che va consumato fresco (dura 1-2 giorni)."
"134";"Pan de Sòrc";NA;NA;41;"";"2 kg. di farina di frumento ; 700 gr. di farina di mais ; 1 l. di acqua ; 200 gr. di lievito di birra ; 30 gr. di sale. ;";"Preparazione Si impastano la farina di frumento, la farina di mais, il sale, l'acqua ed il lievito di birra (sciolto precedentemente in acqua tiepida). Si lavora l'impasto per alcuni minuti, fino ad ottenere una pasta morbida ed elastica che si lascia lievitare a 26°C, per circa un'ora. L'impasto viene quindi lavorato velocemente e suddiviso in pagnottelle, che vengono lasciate ulteriormente lievitare per altri 30 minuti. Si cuoce in forno, a 230°C, per circa 30-35 minuti. Il prodotto va consumato fresco entro 1-2 giorni."
"135";"Pan de Segàla";NA;NA;40;"";"2 kg. di farina di frumento ; 1 kg. di farina di segàla ; 1 l. di acqua ; 50 gr. di cumino ; 200 gr. di lievito di birra ; 30 gr. di sale. ;";"Preparazione Si impastano la farina di frumento, la farina di segàla, i semi di cumino, il sale, l'acqua ed il lievito di birra (sciolto precedentemente in acqua tiepida). Si lavora l'impasto per alcuni minuti, fino ad ottenere una pasta morbida ed elastica che si lascia lievitare a 26°C, per circa un'ora. L'impasto viene quindi lavorato ancora per alcuni minuti e poi diviso in filoncini, che vengono lasciati ulteriormente lievitare per altri 40 minuti. Si cuoce in forno, a 230°C, per circa 30-35 minuti. Per poterne assaporare tutta la sua peculiarità, il prodotto va consumato fresco entro 2-3 giorni."
"136";"Pane de Molche";NA;NA;42;"";"1 kg. di farina di frumento ; 150 gr. di molche ; una patata di circa 50 gr. cotta al vapore ; 1/2 l. di acqua ; 30 gr. burro  ; 50 gr. di lievito di birra ; 40 gr. olio extravergine ; 10 gr. zucchero  ; 10 gr. di sale. ;";"Preparazione Si impasta la farina di frumento con tutti gli ingredienti e, per ultimo, il lievito di birra formando un impasto omogeneo, morbido, soffice ed elastico che si lascia lievitare finchè raddoppia il volume. Si manipola quindi ancora l'impasto, si dà forma al pane (palline, filoncini, trecce, o altre forme a piacere) e lo si fa lievitare per circa un' ora in luogo preferibilmente umido, ad una temperatura non inferiore a 18-20°C. Si cuoce in forno, a 180°C, per circa 30-35 minuti. Il pan di molche è un prodotto che dura 2-3 giorni, ma è preferibile consumarlo fresco."
"137";"Pere agli amaretti";NA;NA;31;"Dolci";"6 pere ; 200 gr. di amaretti ; 2 uova ; 20 gr. di burro ; 1 cucchiaio di fecola ; 60 gr. di zucchero ; mezo bicchiere di grappa giovane trentina ; 2 dl. di panna ;";"Preparazione Sbucciare le pere, tagliarle a lamelle, cospargerle di zucchero, irrorare di grappa giovane trentina. Lasciare riposare per un'ora. Pestare la metà degli amaretti in briciole. Imburrare una pirofila, coprire il fondo con gli amaretti interi. Scolare le pere, stemperare la fecola con il sugo di macerazione; sbattere le uova intere con la panna, incorporare la fecola stemperata e metà degli amaretti sbriciolati, mescolare il tutto. Disporre le pere sopra gli amaretti e versare sopra il composto preparato, spolverizzare con i restanti amaretti pestati, irrorare con burro fuso e far cuocere in forno caldo per 20 minuti. (Ricetta di Anna Genovese tratta da \"Ricettario Trentino\" pubblicato da \"L'Adige\")"
"138";"Polenta";NA;NA;18;"";"600 gr. di farina di mais di Storo;2 litri circa di acqua;15 gr. di sale grosso.;";"Preparazione Porre a scaldare l'acqua, salandola. Si considera indicativo utilizzare un peso di farina pari ad un terzo del peso d'acqua: Raccomandiamo l'uso di farina a grana piuttosto grossa e d'ottima qualità, come quella di Storo. Quando l'acqua bolle versare la farina da polenta a spaglio, ben mescolando al fine di evitare i grumi. Mescolare intensamente fino a che l'impasto risulti abbastanza denso. Continuare a cuocere, frequentemente rimestando con la canaròla, il classico bastone di legno. Girare di continuo, lentamente, in senso orario, portando l'impasto dal basso verso l'alto almeno per una quarantina di minuti. Servire in tavola, fumante, sul caratteristico tabièl di legno, ossia un tagliere a forma circolare."
"139";"Polenta di patate";NA;NA;44;"";"2,5 kg. di patate; 200 gr. di semolino; 50 gr. di burro; 1 l. di latte; 1 dado da brodo; sale e pepe. ;";"Preparazione Sbucciare le patate e lessarle in un paiolo. Bollire il latte, sempre nel paiolo e, mentre bolle, aggiungervi le patate schiacciate, il dado da brodo a pezzettini ed il semolino, mescolando in continuazione per evitare che si formino dei grumi e, infine, salare. Quando l'impasto è omogeneo e morbido aggiungere il burro ed una presina di pepe appena macinato. Cuocere rimestando frequentemente con la \"canarola\", il classico bastone di legno, girando di continuo, lentamente, in senso orario, portando l'impasto dal basso verso l'alto, almeno per mezz'ora. Servire in tavola, fumante, sul caratteristico \"tabiel\" (tagliere di legno a forma circolare). Si accompagna a tutti i tipi di carne, in umido o arrosto, con il loro intingolo. Eventuali avanzi di polenta risulteranno ottimi se arrostiti o tagliati a fette e passati alla graticola, unti leggermente con del burro."
"140";"Polenta e Tosèla";NA;NA;13;"Secondi";"600 gr. di Tosèla;100 gr. di burro;polenta gialla;sale.;";"Preparazione È essenziale, per una perfetta riuscita di questo singolarissimo piatto, che il formaggio sia veramente di giornata, comunque che non abbia superato le 24 ore. Dopo aver fatto rosolare il burro in un tegame, si mette a friggere la Tosèla tagliata a fette rettangolari alte un centimetro, né più né meno, per evitare che il formaggio si spappoli, oppure che non assorba a perfezione, anche all'interno, il necessario calore per una cottura uniforme. Occorre porre anche attenzione alla giusta salatura. Va servita calda, col burro fuso, sopra una bella fetta di polenta; accostamenti ideali sono quelli con i finferli o con la salsiccia alla piastra."
"141";"Porri e Nostrano de Casel";NA;NA;10;"Antipasti";"1 peperone;100 gr. di porri;100 gr. di sedano;50 gr. di formaggio nostrano de Casel;olio d'oliva.;";"Preparazione Scottare il peperone, levargli la pelle, pestarlo ricavando una salsa diluita con olio; sopra mettere i porri e il sedano tagliati a rondelle e il formaggio nostrano a striscioline."
"142";"Provola affumicata e altro formaggio fritto";NA;NA;11;"Secondi";"600 gr. di Provola affumicata trentina;Nostrano de Casel e Casolèt.;";"Preparazione Riscaldare bene una pentola antiaderente; cospargere il formaggio a pioggia sul fondo, formando un leggero strato; rigirare la sfoglia ottenuta e, prima di adagiarla sul piatto, tenerla sospesa per qualche attimo, sì da ottenere una montagna dorata. La preparazione deve avvenire con estrema sollecitudine. Questa ricetta si può utilizzare come semplice e gradevole stuzzichino. Un'ottima variante può essere gustata con l'aggiunta di patate lesse a dadini dorate in un soffritto di cipolla."
"143";"Smacafam";NA;NA;2;"Primi";"250 gr. di farina bianca ; 50 gr. di farina saracena ; 1/2 l. di latte ; 1 cucchiaio d'olio ; 200 gr. di lucanica cauriota fresca ; 30 gr. di pancetta affumicata trentina ; 30 gr. di lardo trentino, sale e pepe. ;";"Preparazione Mettere in una terrina le farine e aggiungere, mescolando bene, il latte, un cucchiaio d'olio e il sale, nonché mezza lucanica sminuzzata, parte della pancetta affumicata e il lardo tagliato a dadini che avrete in precedenza soffritto, aggiungendo una spruzzata di pepe. Imburrare e infarinare una tortiera di rame, mettervi l'impasto e porvi sopra le fettine di lucanica fresca e il rimanente della pancetta affumicata. Mettere quindi al forno a 200 °C per circa 40 minuti, finché avrà preso un bel colore dorato. Servire con verdura fresca, preferibilmente denti di cane che si trovano in abbondanza a fine carnevale, epoca di maggior gloria per questo singolarissimo, irripetibile piatto trentino."
"144";"Spinaci crudi e Vezzena";NA;NA;16;"Antipasti";"400 gr. di spinaci;150 gr. di formaggio Vezzena vecchio;2 spicchi d'aglio, sale, olio.;";"Preparazione Scegliere gli spinaci e tagliarli a listarelle e ridurre il Vezzena vecchio a piccole e irregolari scaglie. Spremere gli spicchi d'aglio nell'olio, aggiungere sale, battere con la frusta e quindi condire l'insalata di spinaci e Vezzena."
"145";"Stràuli o Stràboli o Fortaie";NA;NA;45;"Dolci";"1 kg. di farina di frumento ; 150 gr. di zucchero ; 10 uova intere ; 250 ml. di grappa ; 1250 gr. di latte ; un cucchiaino di sale. ;";"Preparazione Si impasta la farina con i tuorli d'uovo, la grappa, il latte ed il sale. Ottenuta una pastella liscia ed omogenea, si pone a riposare in un luogo fresco per circa 3/4 d'ora. Si montano quindi gli albumi a neve ben ferma e si uniscono alla pastella a cucchiaiate, mescolando delicatamente. Si versa il composto in un imbuto, oppure in un tegame con un beccuccio lungo e si fa cadere nell'olio bollente girando in senso circolare, in modo da ottenere una frittatina dall'aspetto \"aggrovigliato\", che si cuoce prima su un lato, poi dall'altro, fino a che non ha raggiunto un bel colore dorato. Vanno conservati in luogo fresco (per non più di due giorni) e possono essere consumati freddi o appena riscaldati e si servono spolverati di zucchero a velo ed accompagnati con marmellata di \"garnètole\" (mirtilli rossi)."
"146";"Torta de fregolòti";NA;NA;26;"Dolci";"50 gr. di burro ; 50 gr. di zucchero ; 300 gr. di farina ; 1 presa di bicarbonato ; 1 bicchierino di grappa trentina ; 1 presa di sale ; 1 tuorlo d' uovo ; 1 cucchiaino di miele trentino ; 70 gr. di mandorle macinate. ;";"Preparazione Per prima cosa si devono mondare e tagliuzzare finemente le mandorle­ quindi si devono amalgamare accuratamente tutti gli ingredienti, avendo cura di ridurli, utilizzando le mani, in tante briciole, in modo da avere una pasta che resterà asciutta e caratterizzata da una consistenza grumosa. Durante la manipolazione, cospargere l'impasto con un cucchiaio di grappa bianca. A parte, ungere e infarinare la tortiera e lasciarvi cadere in modo leggero l'impasto ottenuto in forma di piccoli bozzoletti. Mettere la tortiera in forno ben caldo e far cuocere finché la superficie della torta non risulterà di un bel colore giallo-dorato."
"147";"Torta di carote";NA;NA;47;"Dolci";"150 gr. di carote grattugiate  ; 150 gr. di zucchero ; 100 gr. di farina bianca ; 250 gr. di mandorle grattugiate ; 4 tuorli d' uovo ; 4 chiare d'uovo  ; buccia di limone grattugiata ; 1 bustina di lievito ;";"Preparazione Sbattere in una scodella i tuorli d'uovo con lo zucchero, unire sempre mescolando la buccia di limone, il lievito, la farina, le mandorle e le carote finchè il tutto risulta ben amalgamato. Aggiungere quindi delicatamente le chiare d'uovo montate a neve. Mettere l'impasto in una tortiera imburrata e infarinata e cuocere in forno a 180°C per 45 minuti ."
"148";"Tortolèti coi puriòni";NA;NA;48;"Dolci";"250 gr. di farina di frumento ; 100 gr. di zucchero; 2 uova; 2 cucchiai di foglie di menta; 1 bicchierino di grappa; zucchero a velo; latte. ;";"Preparazione Si impasta la farina con le uova e lo zucchero aggiungendo un bicchierino di grappa e latte, quanto basta per ottenere un impasto dalla consistenza morbida ma compatta, foglie di menta selvatica seccate e sminuzzate. Si formano, con l'aiuto di un cucchiaio delle frittelline che si friggono in olio bollente, fino a raggiungere un bel colore dorato. Le frittelle vengono servite spolverate con lo zucchero a velo e si contraddistinguono per il profumo di menta."
"149";"Trota alle mele della Val di Non";NA;NA;29;"Secondi";"4 Trote del Trentino del peso di circa 250 gr. ;";"Preparazione La trota, questo eccellente salmonide dei torrenti e dei laghi alpini, può essere preparata nei vari, classici modi: bollita, alla piastra, al cartoccio. Preparare dunque la vostra trota cotta a piacere e accompagnarla con l'originale e deliziosa salsa alle mele. Aggiungere alla maionese (quantità a piacere), dei cetrioli sminuzzati, erba cipollina e due mele tagliate a pezzettini."
"150";"Zuppa di Crauti e Pancetta affumicata";NA;NA;3;"Secondi";"1/2 kg. di crauti trentini;1 hg. di pancetta affumicata trentina;1 osso salmistrato;2 l. d'acqua;una cucchiaiata di farina bianca e una di farina gialla.;";"Preparazione Introdurre tutto a freddo in una pentola e far cuocere per 3-4 ore aggiungendo eventualmente ancora acqua o brodo. Attendere che la minestra abbia raggiunto la consistenza desiderata, perché solo così sarà pronta a servire."
